timestamp,sequence,run,stage,gpu_memory_mib,gpu_utilization_percent,gpu_process_memory_mib,hami_container_memory_mib,hami_container_utilization_raw,measurement_started,collection_error
2026-09-24T09:59:41.546627+00:00,22,evidence-show-mem-1024-observe,baseline,559.0,0.0,550.0,550.0,0.0,False,False
2026-09-24T09:59:44.128041+00:00,23,evidence-show-mem-1024-observe,baseline,559.0,0.0,550.0,550.0,0.0,False,False
2026-09-24T09:59:46.708828+00:00,24,evidence-show-mem-1024-observe,baseline,559.0,0.0,550.0,550.0,0.0,False,False
2026-09-24T09:59:49.304827+00:00,25,evidence-show-mem-1024-observe,baseline,559.0,0.0,550.0,550.0,0.0,False,False
2026-09-24T09:59:51.904983+00:00,26,evidence-show-mem-1024-observe,baseline,559.0,0.0,550.0,550.0,0.0,False,False
2026-09-24T09:59:54.489542+00:00,27,evidence-show-mem-1024-observe,allocated,797.0,0.0,788.0,787.0,0.0,False,False
2026-09-24T09:59:57.058614+00:00,28,evidence-show-mem-1024-observe,allocated,797.0,0.0,788.0,787.0,0.0,False,False
2026-09-24T09:59:59.622998+00:00,29,evidence-show-mem-1024-observe,allocated,797.0,0.0,788.0,787.0,0.0,False,False
2026-09-24T10:00:02.207182+00:00,30,evidence-show-mem-1024-observe,allocated,797.0,0.0,788.0,787.0,0.0,False,False
2026-09-24T10:00:04.822165+00:00,31,evidence-show-mem-1024-observe,allocated,797.0,0.0,788.0,787.0,0.0,False,False
2026-09-24T10:00:07.395081+00:00,32,evidence-show-mem-1024-observe,allocated,797.0,0.0,788.0,787.0,0.0,False,False
2026-09-24T10:00:09.948281+00:00,33,evidence-show-mem-1024-observe,freed,559.0,0.0,550.0,550.0,0.0,False,False
2026-09-24T10:00:12.538788+00:00,34,evidence-show-mem-1024-observe,freed,559.0,0.0,550.0,550.0,0.0,False,False
2026-09-24T10:00:15.124027+00:00,35,evidence-show-mem-1024-observe,freed,559.0,0.0,550.0,550.0,0.0,False,False
2026-09-24T10:00:17.720957+00:00,36,evidence-show-mem-1024-observe,freed,559.0,0.0,550.0,550.0,0.0,False,False
2026-09-24T10:00:20.292756+00:00,37,evidence-show-mem-1024-observe,freed,559.0,0.0,550.0,550.0,0.0,False,False
2026-09-24T10:00:22.880769+00:00,38,evidence-show-mem-1024-observe,freed,559.0,0.0,550.0,550.0,0.0,False,False
2026-09-24T10:00:25.482733+00:00,39,evidence-show-mem-1024-observe,reallocated,797.0,0.0,788.0,787.0,0.0,False,False
2026-09-24T10:00:28.071425+00:00,40,evidence-show-mem-1024-observe,reallocated,797.0,0.0,788.0,787.0,0.0,False,False
2026-09-24T10:00:30.655512+00:00,41,evidence-show-mem-1024-observe,reallocated,797.0,0.0,788.0,787.0,0.0,False,False
2026-09-24T10:00:33.267620+00:00,42,evidence-show-mem-1024-observe,reallocated,797.0,0.0,788.0,787.0,0.0,False,False
2026-09-24T10:00:35.867869+00:00,43,evidence-show-mem-1024-observe,reallocated,797.0,0.0,788.0,787.0,0.0,False,False
2026-09-24T10:00:38.444730+00:00,44,evidence-show-mem-1024-observe,accounting_restored,559.0,0.0,550.0,550.0,0.0,False,False
2026-09-24T10:00:41.035480+00:00,45,evidence-show-mem-1024-observe,accounting_restored,559.0,0.0,550.0,550.0,0.0,False,False
2026-09-24T10:00:43.648080+00:00,46,evidence-show-mem-1024-observe,accounting_restored,559.0,0.0,550.0,550.0,0.0,False,False
2026-09-24T10:00:46.229323+00:00,47,evidence-show-mem-1024-observe,accounting_restored,559.0,0.0,550.0,550.0,0.0,False,False
2026-09-24T10:00:48.823534+00:00,48,evidence-show-mem-1024-observe,accounting_restored,0.0,0.0,,0.0,0.0,False,False
2026-09-24T10:00:51.412066+00:00,49,evidence-show-mem-1024-observe,accounting_restored,0.0,0.0,,0.0,0.0,False,False
2026-09-24T10:05:57.828969+00:00,168,evidence-show-mem-1024-suite-retry,,559.0,0.0,550.0,550.0,0.0,False,False
2026-09-24T10:06:00.392289+00:00,169,evidence-show-mem-1024-suite-retry,,559.0,0.0,550.0,550.0,0.0,False,False
2026-09-24T10:06:02.976658+00:00,170,evidence-show-mem-1024-suite-retry,,559.0,0.0,,0.0,0.0,False,False
2026-09-24T10:07:22.468812+00:00,201,evidence-show-mem-4096-observe,baseline,559.0,0.0,550.0,550.0,0.0,False,False
2026-09-24T10:07:25.014847+00:00,202,evidence-show-mem-4096-observe,baseline,559.0,0.0,550.0,550.0,0.0,False,False
2026-09-24T10:07:27.535005+00:00,203,evidence-show-mem-4096-observe,baseline,559.0,0.0,550.0,550.0,0.0,False,False
2026-09-24T10:07:30.084024+00:00,204,evidence-show-mem-4096-observe,baseline,559.0,0.0,550.0,550.0,0.0,False,False
2026-09-24T10:07:32.631761+00:00,205,evidence-show-mem-4096-observe,baseline,559.0,0.0,550.0,550.0,0.0,False,False
2026-09-24T10:07:35.181454+00:00,206,evidence-show-mem-4096-observe,allocated,2333.0,0.0,2324.0,2323.0,0.0,False,False
2026-09-24T10:07:37.768966+00:00,207,evidence-show-mem-4096-observe,allocated,2333.0,0.0,2324.0,2323.0,0.0,False,False
2026-09-24T10:07:40.345787+00:00,208,evidence-show-mem-4096-observe,allocated,2333.0,0.0,2324.0,2323.0,0.0,False,False
2026-09-24T10:07:42.913167+00:00,209,evidence-show-mem-4096-observe,allocated,2333.0,0.0,2324.0,2323.0,0.0,False,False
2026-09-24T10:07:45.465228+00:00,210,evidence-show-mem-4096-observe,allocated,2333.0,0.0,2324.0,2323.0,0.0,False,False
2026-09-24T10:07:48.006866+00:00,211,evidence-show-mem-4096-observe,allocated,2333.0,0.0,2324.0,2323.0,0.0,False,False
2026-09-24T10:07:50.615656+00:00,212,evidence-show-mem-4096-observe,freed,559.0,0.0,550.0,550.0,0.0,False,False
2026-09-24T10:07:53.133601+00:00,213,evidence-show-mem-4096-observe,freed,559.0,0.0,550.0,550.0,0.0,False,False
2026-09-24T10:07:55.685541+00:00,214,evidence-show-mem-4096-observe,freed,559.0,0.0,550.0,550.0,0.0,False,False
2026-09-24T10:07:58.204441+00:00,215,evidence-show-mem-4096-observe,freed,559.0,0.0,550.0,550.0,0.0,False,False
2026-09-24T10:08:00.774140+00:00,216,evidence-show-mem-4096-observe,freed,559.0,0.0,550.0,550.0,0.0,False,False
2026-09-24T10:08:03.309036+00:00,217,evidence-show-mem-4096-observe,freed,559.0,0.0,550.0,550.0,0.0,False,False
2026-09-24T10:08:05.852394+00:00,218,evidence-show-mem-4096-observe,reallocated,2333.0,0.0,2324.0,2323.0,0.0,False,False
2026-09-24T10:08:08.426312+00:00,219,evidence-show-mem-4096-observe,reallocated,2333.0,0.0,2324.0,2323.0,0.0,False,False
2026-09-24T10:08:10.974035+00:00,220,evidence-show-mem-4096-observe,reallocated,2333.0,0.0,2324.0,2323.0,0.0,False,False
2026-09-24T10:08:13.496519+00:00,221,evidence-show-mem-4096-observe,reallocated,2333.0,0.0,2324.0,2323.0,0.0,False,False
2026-09-24T10:08:16.066003+00:00,222,evidence-show-mem-4096-observe,reallocated,2333.0,0.0,2324.0,2323.0,0.0,False,False
2026-09-24T10:08:18.648345+00:00,223,evidence-show-mem-4096-observe,reallocated,2333.0,0.0,2324.0,2323.0,0.0,False,False
2026-09-24T10:08:21.224376+00:00,224,evidence-show-mem-4096-observe,accounting_restored,559.0,0.0,550.0,550.0,0.0,False,False
2026-09-24T10:08:23.806974+00:00,225,evidence-show-mem-4096-observe,accounting_restored,559.0,0.0,550.0,550.0,0.0,False,False
2026-09-24T10:08:26.387382+00:00,226,evidence-show-mem-4096-observe,accounting_restored,559.0,0.0,550.0,550.0,0.0,False,False
2026-09-24T10:08:28.949872+00:00,227,evidence-show-mem-4096-observe,accounting_restored,559.0,0.0,550.0,550.0,0.0,False,False
2026-09-24T10:08:31.494225+00:00,228,evidence-show-mem-4096-observe,accounting_restored,0.0,0.0,,0.0,0.0,False,False
2026-09-24T10:09:51.013535+00:00,259,evidence-show-mem-4096-suite,,559.0,0.0,550.0,550.0,0.0,False,False
2026-09-24T10:09:53.590169+00:00,260,evidence-show-mem-4096-suite,,559.0,0.0,550.0,550.0,0.0,False,False
2026-09-24T10:09:56.131554+00:00,261,evidence-show-mem-4096-suite,,559.0,0.0,550.0,550.0,0.0,False,False
2026-09-24T10:09:58.703552+00:00,262,evidence-show-mem-4096-suite,,0.0,0.0,,0.0,0.0,False,False
2026-09-24T10:11:18.691660+00:00,293,evidence-show-aggregate,,1114.0,0.0,1100.0,1100.0,0.0,False,False
2026-09-24T10:11:21.255776+00:00,294,evidence-show-aggregate,,1114.0,0.0,1100.0,1100.0,0.0,False,False
2026-09-24T10:11:23.850288+00:00,295,evidence-show-aggregate,,1114.0,0.0,1100.0,1100.0,0.0,False,False
2026-09-24T10:11:26.526004+00:00,296,evidence-show-aggregate,,0.0,0.0,,0.0,0.0,False,False
2026-09-24T10:11:29.098186+00:00,297,evidence-show-aggregate,,0.0,0.0,,0.0,0.0,False,False
2026-09-24T10:11:31.687155+00:00,298,evidence-show-aggregate,,0.0,0.0,,0.0,0.0,False,False
2026-09-24T10:12:57.060310+00:00,331,evidence-show-life-01,,1116.0,0.0,1102.0,550.00390625,0.0,False,False
2026-09-24T10:12:59.659721+00:00,332,evidence-show-life-01,,1116.0,0.0,1102.0,550.00390625,0.0,False,False
2026-09-24T10:13:02.282911+00:00,333,evidence-show-life-01,,559.0,0.0,550.0,0.0,0.0,False,False
2026-09-24T10:13:04.887284+00:00,334,evidence-show-life-01,,559.0,0.0,550.0,0.0,0.0,False,False
2026-09-24T10:13:23.207539+00:00,341,evidence-show-life-02,,561.0,0.0,552.0,550.00390625,0.0,False,False
2026-09-24T10:13:25.784815+00:00,342,evidence-show-life-02,,561.0,0.0,552.0,550.00390625,0.0,False,False
2026-09-24T10:13:28.384784+00:00,343,evidence-show-life-02,,561.0,0.0,552.0,550.00390625,0.0,False,False
2026-09-24T10:13:31.016637+00:00,344,evidence-show-life-02,,0.0,0.0,,0.0,0.0,False,False
2026-09-24T10:14:56.572734+00:00,377,evidence-show-life-03,,561.0,0.0,552.0,550.00390625,0.0,False,False
2026-09-24T10:14:59.196660+00:00,378,evidence-show-life-03,,1116.0,0.0,1102.0,550.00390625,0.0,False,False
2026-09-24T10:15:01.794568+00:00,379,evidence-show-life-03,,1116.0,0.0,1102.0,550.00390625,0.0,False,False
2026-09-24T10:15:04.448601+00:00,380,evidence-show-life-03,,559.0,0.0,550.0,0.0,0.0,False,False
2026-09-24T10:15:25.377048+00:00,388,evidence-show-life-04,,561.0,0.0,552.0,550.00390625,0.0,False,False
2026-09-24T10:15:27.929323+00:00,389,evidence-show-life-04,,561.0,0.0,552.0,550.00390625,0.0,False,False
2026-09-24T10:15:30.546341+00:00,390,evidence-show-life-04,,561.0,0.0,552.0,550.00390625,0.0,False,False
2026-09-24T10:15:33.136241+00:00,391,evidence-show-life-04,,0.0,0.0,,0.0,0.0,False,False
2026-09-24T10:15:35.769405+00:00,392,evidence-show-life-04,,0.0,0.0,,,,False,False
2026-09-24T10:17:04.518805+00:00,426,evidence-show-life-05,,561.0,0.0,552.0,550.00390625,0.0,False,False
2026-09-24T10:17:07.206656+00:00,427,evidence-show-life-05,,1116.0,0.0,1102.0,550.00390625,0.0,False,False
2026-09-24T10:17:09.870018+00:00,428,evidence-show-life-05,,559.0,1.0,550.0,0.0,0.0,False,False
2026-09-24T10:17:38.687781+00:00,439,evidence-show-life-06,,561.0,0.0,552.0,550.00390625,0.0,False,False
2026-09-24T10:17:41.310716+00:00,440,evidence-show-life-06,,0.0,0.0,,0.0,0.0,False,False
2026-09-24T10:17:43.924415+00:00,441,evidence-show-life-06,,0.0,0.0,,0.0,0.0,False,False
2026-09-24T10:17:46.546865+00:00,442,evidence-show-life-06,,0.0,0.0,,0.0,0.0,False,False
2026-09-24T10:17:49.176901+00:00,443,evidence-show-life-06,,0.0,0.0,,0.0,0.0,False,False
2026-09-24T10:19:21.850644+00:00,478,evidence-show-life-07,,561.0,0.0,552.0,550.00390625,0.0,False,False
2026-09-24T10:19:24.494855+00:00,479,evidence-show-life-07,,561.0,0.0,552.0,550.00390625,0.0,False,False
2026-09-24T10:19:27.201810+00:00,480,evidence-show-life-07,,561.0,0.0,552.0,550.00390625,0.0,False,False
2026-09-24T10:19:29.837380+00:00,481,evidence-show-life-07,,559.0,0.0,550.0,0.0,0.0,False,False
2026-09-24T10:19:32.421361+00:00,482,evidence-show-life-07,,559.0,0.0,550.0,,,False,False
2026-09-24T10:19:53.701950+00:00,490,evidence-show-life-08,,561.0,0.0,552.0,550.00390625,0.0,False,False
2026-09-24T10:19:56.337969+00:00,491,evidence-show-life-08,,561.0,0.0,552.0,550.00390625,0.0,False,False
2026-09-24T10:19:58.983247+00:00,492,evidence-show-life-08,,561.0,0.0,552.0,550.00390625,0.0,False,False
2026-09-24T10:20:01.620726+00:00,493,evidence-show-life-08,,0.0,0.0,,0.0,0.0,False,False
2026-09-24T10:20:04.226926+00:00,494,evidence-show-life-08,,0.0,0.0,,0.0,0.0,False,False
2026-09-24T10:20:06.858077+00:00,495,evidence-show-life-08,,0.0,0.0,,,,False,False
2026-09-24T10:21:44.701244+00:00,532,evidence-show-life-09,,561.0,0.0,552.0,550.00390625,0.0,False,False
2026-09-24T10:21:47.369981+00:00,533,evidence-show-life-09,,561.0,0.0,550.0,0.0,0.0,False,False
2026-09-24T10:21:50.051247+00:00,534,evidence-show-life-09,,0.0,0.0,,0.0,0.0,False,False
2026-09-24T10:21:52.678759+00:00,535,evidence-show-life-09,,559.0,0.0,550.0,0.0,0.0,False,False
2026-09-24T10:21:55.367210+00:00,536,evidence-show-life-09,,559.0,0.0,550.0,0.0,0.0,False,False
2026-09-24T10:21:58.010839+00:00,537,evidence-show-life-09,,559.0,0.0,550.0,,,False,False
2026-09-24T10:22:14.082176+00:00,543,evidence-show-life-10,,561.0,0.0,552.0,550.00390625,0.0,False,False
2026-09-24T10:22:16.704242+00:00,544,evidence-show-life-10,,561.0,0.0,552.0,550.00390625,0.0,False,False
2026-09-24T10:22:19.336478+00:00,545,evidence-show-life-10,,561.0,0.0,552.0,550.00390625,0.0,False,False
2026-09-24T10:22:21.970041+00:00,546,evidence-show-life-10,,561.0,0.0,552.0,550.00390625,0.0,False,False
2026-09-24T10:22:24.659056+00:00,547,evidence-show-life-10,,0.0,0.0,,0.0,0.0,False,False
2026-09-24T10:22:27.331212+00:00,548,evidence-show-life-10,,0.0,0.0,,,,False,False
2026-09-24T10:24:10.992918+00:00,587,evidence-show-life-11,,561.0,0.0,552.0,550.00390625,0.0,False,False
2026-09-24T10:24:13.672744+00:00,588,evidence-show-life-11,,0.0,0.0,,0.0,0.0,False,False
2026-09-24T10:24:16.302412+00:00,589,evidence-show-life-11,,0.0,0.0,,0.0,0.0,False,False
2026-09-24T10:24:18.973057+00:00,590,evidence-show-life-11,,559.0,0.0,550.0,0.0,0.0,False,False
2026-09-24T10:24:21.667941+00:00,591,evidence-show-life-11,,559.0,0.0,550.0,0.0,0.0,False,False
2026-09-24T10:24:24.305418+00:00,592,evidence-show-life-11,,559.0,0.0,550.0,0.0,0.0,False,False
2026-09-24T10:24:51.008215+00:00,602,evidence-show-life-12,,561.0,0.0,552.0,550.00390625,0.0,False,False
2026-09-24T10:24:53.677626+00:00,603,evidence-show-life-12,,0.0,0.0,,0.0,0.0,False,False
2026-09-24T10:26:37.358291+00:00,642,evidence-show-life-13,,561.0,0.0,552.0,550.00390625,0.0,False,False
2026-09-24T10:26:40.437827+00:00,643,evidence-show-life-13,,561.0,0.0,552.0,550.00390625,0.0,False,False
2026-09-24T10:26:43.097879+00:00,644,evidence-show-life-13,,561.0,0.0,552.0,550.00390625,0.0,False,False
2026-09-24T10:26:45.716338+00:00,645,evidence-show-life-13,,0.0,0.0,,0.0,0.0,False,False
2026-09-24T10:26:48.413881+00:00,646,evidence-show-life-13,,0.0,0.0,,0.0,0.0,False,False
2026-09-24T10:26:51.119433+00:00,647,evidence-show-life-13,,0.0,0.0,,,,False,False
2026-09-24T10:27:18.077445+00:00,657,evidence-show-life-14,,561.0,0.0,552.0,550.00390625,0.0,False,False
2026-09-24T10:27:20.750312+00:00,658,evidence-show-life-14,,561.0,0.0,552.0,550.00390625,0.0,False,False
2026-09-24T10:27:23.402765+00:00,659,evidence-show-life-14,,561.0,0.0,550.0,0.0,0.0,False,False
2026-09-24T10:27:26.122595+00:00,660,evidence-show-life-14,,0.0,0.0,,0.0,0.0,False,False
2026-09-24T10:27:28.879635+00:00,661,evidence-show-life-14,,0.0,0.0,,0.0,0.0,False,False
2026-09-24T10:27:31.536912+00:00,662,evidence-show-life-14,,0.0,0.0,,0.0,0.0,False,False
2026-09-24T10:29:18.980565+00:00,702,evidence-show-life-15,,561.0,0.0,552.0,550.00390625,0.0,False,False
2026-09-24T10:29:21.882767+00:00,703,evidence-show-life-15,,561.0,0.0,552.0,550.00390625,0.0,False,False
2026-09-24T10:29:24.598537+00:00,704,evidence-show-life-15,,0.0,0.0,,0.0,0.0,False,False
2026-09-24T10:29:27.276279+00:00,705,evidence-show-life-15,,0.0,0.0,,0.0,0.0,False,False
2026-09-24T10:29:29.980157+00:00,706,evidence-show-life-15,,0.0,0.0,,0.0,0.0,False,False
2026-09-24T10:29:32.755255+00:00,707,evidence-show-life-15,,0.0,0.0,,0.0,0.0,False,False
2026-09-24T10:30:02.507530+00:00,718,evidence-show-life-16,,561.0,0.0,552.0,550.00390625,0.0,False,False
2026-09-24T10:30:05.208247+00:00,719,evidence-show-life-16,,0.0,0.0,,0.0,0.0,False,False
2026-09-24T10:30:07.876003+00:00,720,evidence-show-life-16,,0.0,0.0,,0.0,0.0,False,False
2026-09-24T10:32:03.596504+00:00,763,evidence-show-life-17,,561.0,0.0,552.0,550.00390625,0.0,False,False
2026-09-24T10:32:06.344478+00:00,764,evidence-show-life-17,,558.0,0.0,,0.0,0.0,False,False
2026-09-24T10:32:09.089944+00:00,765,evidence-show-life-17,,0.0,0.0,,0.0,0.0,False,False
2026-09-24T10:32:11.822816+00:00,766,evidence-show-life-17,,0.0,0.0,,0.0,0.0,False,False
2026-09-24T10:32:14.543760+00:00,767,evidence-show-life-17,,0.0,0.0,,0.0,0.0,False,False
2026-09-24T10:32:17.225515+00:00,768,evidence-show-life-17,,0.0,0.0,,0.0,0.0,False,False
2026-09-24T10:32:19.967051+00:00,769,evidence-show-life-17,,0.0,0.0,,0.0,0.0,False,False
2026-09-24T10:32:49.851236+00:00,780,evidence-show-life-18,,561.0,0.0,552.0,550.00390625,0.0,False,False
2026-09-24T10:32:52.514022+00:00,781,evidence-show-life-18,,0.0,0.0,,0.0,0.0,False,False
2026-09-24T10:32:55.198324+00:00,782,evidence-show-life-18,,0.0,0.0,,0.0,0.0,False,False
2026-09-24T10:32:57.915433+00:00,783,evidence-show-life-18,,0.0,0.0,,,,False,False
2026-09-24T10:34:48.814355+00:00,824,evidence-show-life-19,,0.0,1.0,,0.0,0.0,False,False
2026-09-24T10:34:51.458168+00:00,825,evidence-show-life-19,,0.0,0.0,,0.0,0.0,False,False
2026-09-24T10:34:54.247828+00:00,826,evidence-show-life-19,,0.0,0.0,,0.0,0.0,False,False
2026-09-24T10:35:37.770735+00:00,842,evidence-show-life-20,,559.0,0.0,,0.0,0.0,False,False
2026-09-24T10:35:40.519452+00:00,843,evidence-show-life-20,,0.0,0.0,,0.0,0.0,False,False
2026-09-24T10:35:43.212042+00:00,844,evidence-show-life-20,,0.0,0.0,,0.0,0.0,False,False
2026-09-24T10:38:18.457763+00:00,901,evidence-show-capture-a,,1118.0,3.0,1104.0,550.00390625,3.0,False,False
2026-09-24T10:38:18.457763+00:00,901,evidence-show-capture-b,,1118.0,3.0,1104.0,550.00390625,1.0,False,False
2026-09-24T10:38:21.215307+00:00,902,evidence-show-capture-a,,1118.0,3.0,1104.0,550.00390625,0.0,False,False
2026-09-24T10:38:21.215307+00:00,902,evidence-show-capture-b,,1118.0,3.0,1104.0,550.00390625,3.0,False,False
2026-09-24T10:38:23.950729+00:00,903,evidence-show-capture-a,,1118.0,3.0,1104.0,550.00390625,1.0,False,False
2026-09-24T10:38:23.950729+00:00,903,evidence-show-capture-b,,1118.0,3.0,1104.0,550.00390625,3.0,False,False
2026-09-24T10:38:26.727546+00:00,904,evidence-show-capture-a,,1118.0,4.0,1104.0,550.00390625,2.0,False,False
2026-09-24T10:38:26.727546+00:00,904,evidence-show-capture-b,,1118.0,4.0,1104.0,550.00390625,2.0,False,False
2026-09-24T10:38:29.504489+00:00,905,evidence-show-capture-a,,1118.0,4.0,1104.0,550.00390625,1.0,False,False
2026-09-24T10:38:29.504489+00:00,905,evidence-show-capture-b,,1118.0,4.0,1104.0,550.00390625,3.0,False,False
2026-09-24T10:38:32.254295+00:00,906,evidence-show-capture-a,,1118.0,4.0,1104.0,550.00390625,2.0,False,False
2026-09-24T10:38:32.254295+00:00,906,evidence-show-capture-b,,1118.0,4.0,1104.0,550.00390625,2.0,False,False
2026-09-24T10:38:34.974944+00:00,907,evidence-show-capture-a,,1118.0,4.0,1104.0,550.00390625,3.0,False,False
2026-09-24T10:38:34.974944+00:00,907,evidence-show-capture-b,,1118.0,4.0,1104.0,550.00390625,1.0,False,False
2026-09-24T10:38:37.713044+00:00,908,evidence-show-capture-a,,1118.0,3.0,1104.0,550.00390625,2.0,False,False
2026-09-24T10:38:37.713044+00:00,908,evidence-show-capture-b,,1118.0,3.0,1104.0,550.00390625,3.0,False,False
2026-09-24T10:38:40.414797+00:00,909,evidence-show-capture-a,,1118.0,4.0,1104.0,550.00390625,2.0,False,False
2026-09-24T10:38:40.414797+00:00,909,evidence-show-capture-b,,1118.0,4.0,1104.0,550.00390625,2.0,False,False
2026-09-24T10:38:43.134339+00:00,910,evidence-show-capture-a,,1118.0,3.0,1104.0,550.00390625,2.0,False,False
2026-09-24T10:38:43.134339+00:00,910,evidence-show-capture-b,,1118.0,3.0,1104.0,550.00390625,2.0,False,False
2026-09-24T10:38:45.908833+00:00,911,evidence-show-capture-a,,1118.0,4.0,1104.0,550.00390625,2.0,False,False
2026-09-24T10:38:45.908833+00:00,911,evidence-show-capture-b,,1118.0,4.0,1104.0,550.00390625,2.0,False,False
2026-09-24T10:38:48.648383+00:00,912,evidence-show-capture-a,,1118.0,3.0,1104.0,550.00390625,2.0,False,False
2026-09-24T10:38:48.648383+00:00,912,evidence-show-capture-b,,1118.0,3.0,1104.0,550.00390625,2.0,False,False
2026-09-24T10:38:51.453641+00:00,913,evidence-show-capture-a,,1118.0,3.0,1104.0,550.00390625,2.0,False,False
2026-09-24T10:38:51.453641+00:00,913,evidence-show-capture-b,,1118.0,3.0,1104.0,550.00390625,2.0,False,False
2026-09-24T10:38:54.199269+00:00,914,evidence-show-capture-a,,1118.0,4.0,1104.0,550.00390625,2.0,False,False
2026-09-24T10:38:54.199269+00:00,914,evidence-show-capture-b,,1118.0,4.0,1104.0,550.00390625,2.0,False,False
2026-09-24T10:38:56.992131+00:00,915,evidence-show-capture-a,,1118.0,4.0,1104.0,550.00390625,3.0,False,False
2026-09-24T10:38:56.992131+00:00,915,evidence-show-capture-b,,1118.0,4.0,1104.0,550.00390625,1.0,False,False
2026-09-24T10:38:59.669179+00:00,916,evidence-show-capture-a,,1118.0,4.0,1104.0,550.00390625,2.0,False,False
2026-09-24T10:38:59.669179+00:00,916,evidence-show-capture-b,,1118.0,4.0,1104.0,550.00390625,2.0,False,False
2026-09-24T10:39:02.276360+00:00,917,evidence-show-capture-a,,0.0,0.0,,0.0,0.0,False,False
2026-09-24T10:39:02.276360+00:00,917,evidence-show-capture-b,,0.0,0.0,,0.0,0.0,False,False
2026-09-24T10:39:04.997648+00:00,918,evidence-show-capture-a,,0.0,0.0,,0.0,0.0,False,False
2026-09-24T10:39:04.997648+00:00,918,evidence-show-capture-b,,0.0,0.0,,0.0,0.0,False,False
2026-09-24T10:39:07.770905+00:00,919,evidence-show-capture-b,,0.0,0.0,,,,False,False
2026-09-24T10:40:59.018618+00:00,960,evidence-show-compute-100-1,,561.0,88.0,552.0,552.0,88.0,False,False
2026-09-24T10:41:01.697084+00:00,961,evidence-show-compute-100-1,,561.0,88.0,552.0,552.0,88.0,False,False
2026-09-24T10:41:04.428024+00:00,962,evidence-show-compute-100-1,,561.0,87.0,552.0,552.0,87.0,False,False
2026-09-24T10:41:07.127216+00:00,963,evidence-show-compute-100-1,,561.0,89.0,552.0,552.0,87.0,True,False
2026-09-24T10:41:09.808978+00:00,964,evidence-show-compute-100-1,,561.0,89.0,552.0,552.0,89.0,True,False
2026-09-24T10:41:12.559847+00:00,965,evidence-show-compute-100-1,,561.0,86.0,552.0,552.0,89.0,True,False
2026-09-24T10:41:15.261583+00:00,966,evidence-show-compute-100-1,,561.0,89.0,552.0,552.0,87.0,True,False
2026-09-24T10:41:18.027734+00:00,967,evidence-show-compute-100-1,,561.0,89.0,552.0,552.0,87.0,True,False
2026-09-24T10:41:20.723763+00:00,968,evidence-show-compute-100-1,,561.0,88.0,552.0,552.0,87.0,True,False
2026-09-24T10:41:23.461653+00:00,969,evidence-show-compute-100-1,,561.0,88.0,552.0,552.0,88.0,True,False
2026-09-24T10:41:26.205987+00:00,970,evidence-show-compute-100-1,,561.0,89.0,552.0,552.0,87.0,True,False
2026-09-24T10:41:28.923307+00:00,971,evidence-show-compute-100-1,,561.0,89.0,552.0,552.0,88.0,True,False
2026-09-24T10:41:31.670480+00:00,972,evidence-show-compute-100-1,,561.0,87.0,552.0,552.0,87.0,True,False
2026-09-24T10:41:34.384747+00:00,973,evidence-show-compute-100-1,,561.0,87.0,552.0,552.0,87.0,True,False
2026-09-24T10:41:37.148959+00:00,974,evidence-show-compute-100-1,,561.0,88.0,552.0,552.0,87.0,True,False
2026-09-24T10:41:39.813739+00:00,975,evidence-show-compute-100-1,,561.0,88.0,552.0,552.0,88.0,True,False
2026-09-24T10:41:42.560132+00:00,976,evidence-show-compute-100-1,,561.0,87.0,552.0,552.0,89.0,True,False
2026-09-24T10:41:45.202769+00:00,977,evidence-show-compute-100-1,,561.0,88.0,552.0,552.0,88.0,True,False
2026-09-24T10:41:47.946336+00:00,978,evidence-show-compute-100-1,,561.0,87.0,552.0,552.0,87.0,True,False
2026-09-24T10:41:50.697363+00:00,979,evidence-show-compute-100-1,,561.0,88.0,552.0,552.0,87.0,True,False
2026-09-24T10:41:53.428021+00:00,980,evidence-show-compute-100-1,,561.0,91.0,552.0,552.0,87.0,True,False
2026-09-24T10:41:56.168642+00:00,981,evidence-show-compute-100-1,,561.0,89.0,552.0,552.0,87.0,True,False
2026-09-24T10:41:58.911010+00:00,982,evidence-show-compute-100-1,,561.0,85.0,552.0,552.0,87.0,True,False
2026-09-24T10:42:01.662261+00:00,983,evidence-show-compute-100-1,,561.0,88.0,552.0,552.0,87.0,True,False
2026-09-24T10:42:04.401134+00:00,984,evidence-show-compute-100-1,,561.0,87.0,552.0,552.0,87.0,True,False
2026-09-24T10:42:07.138594+00:00,985,evidence-show-compute-100-1,,0.0,0.0,,0.0,0.0,False,False
2026-09-24T10:44:04.104190+00:00,1028,evidence-show-compute-50-1,,561.0,89.0,552.0,552.0,86.0,False,False
2026-09-24T10:44:06.833276+00:00,1029,evidence-show-compute-50-1,,561.0,86.0,552.0,552.0,87.0,False,False
2026-09-24T10:44:09.589261+00:00,1030,evidence-show-compute-50-1,,561.0,86.0,552.0,552.0,87.0,True,False
2026-09-24T10:44:12.355869+00:00,1031,evidence-show-compute-50-1,,561.0,89.0,552.0,552.0,87.0,True,False
2026-09-24T10:44:15.129938+00:00,1032,evidence-show-compute-50-1,,561.0,86.0,552.0,552.0,87.0,True,False
2026-09-24T10:44:17.882595+00:00,1033,evidence-show-compute-50-1,,561.0,85.0,552.0,552.0,87.0,True,False
2026-09-24T10:44:20.636867+00:00,1034,evidence-show-compute-50-1,,561.0,89.0,552.0,552.0,87.0,True,False
2026-09-24T10:44:23.343550+00:00,1035,evidence-show-compute-50-1,,561.0,86.0,552.0,552.0,87.0,True,False
2026-09-24T10:44:26.054259+00:00,1036,evidence-show-compute-50-1,,561.0,85.0,552.0,552.0,86.0,True,False
2026-09-24T10:44:28.808733+00:00,1037,evidence-show-compute-50-1,,561.0,85.0,552.0,552.0,87.0,True,False
2026-09-24T10:44:31.551085+00:00,1038,evidence-show-compute-50-1,,561.0,86.0,552.0,552.0,87.0,True,False
2026-09-24T10:44:34.289155+00:00,1039,evidence-show-compute-50-1,,561.0,87.0,552.0,552.0,88.0,True,False
2026-09-24T10:44:37.155644+00:00,1040,evidence-show-compute-50-1,,561.0,88.0,552.0,552.0,88.0,True,False
2026-09-24T10:44:39.860188+00:00,1041,evidence-show-compute-50-1,,561.0,87.0,552.0,552.0,87.0,True,False
2026-09-24T10:44:42.592478+00:00,1042,evidence-show-compute-50-1,,561.0,87.0,552.0,552.0,87.0,True,False
2026-09-24T10:44:45.359053+00:00,1043,evidence-show-compute-50-1,,561.0,87.0,552.0,552.0,87.0,True,False
2026-09-24T10:44:48.085318+00:00,1044,evidence-show-compute-50-1,,561.0,89.0,552.0,552.0,88.0,True,False
2026-09-24T10:44:50.820519+00:00,1045,evidence-show-compute-50-1,,561.0,86.0,552.0,552.0,87.0,True,False
2026-09-24T10:44:53.506360+00:00,1046,evidence-show-compute-50-1,,561.0,86.0,552.0,552.0,87.0,True,False
2026-09-24T10:44:56.237251+00:00,1047,evidence-show-compute-50-1,,561.0,88.0,552.0,552.0,87.0,True,False
2026-09-24T10:44:58.996385+00:00,1048,evidence-show-compute-50-1,,561.0,89.0,552.0,552.0,87.0,True,False
2026-09-24T10:45:01.756969+00:00,1049,evidence-show-compute-50-1,,561.0,91.0,552.0,552.0,87.0,True,False
2026-09-24T10:45:04.508085+00:00,1050,evidence-show-compute-50-1,,561.0,89.0,552.0,552.0,88.0,True,False
2026-09-24T10:45:07.313458+00:00,1051,evidence-show-compute-50-1,,561.0,87.0,552.0,552.0,87.0,True,False
2026-09-24T10:45:10.075152+00:00,1052,evidence-show-compute-50-1,,0.0,0.0,,0.0,0.0,False,False
2026-09-24T10:45:12.729067+00:00,1053,evidence-show-compute-50-1,,0.0,0.0,,0.0,0.0,False,False
2026-09-24T10:45:15.473180+00:00,1054,evidence-show-compute-50-1,,0.0,0.0,,0.0,0.0,False,False
2026-09-24T10:47:14.345596+00:00,1097,evidence-show-compute-25-1,,561.0,89.0,552.0,552.0,87.0,False,False
2026-09-24T10:47:17.122737+00:00,1098,evidence-show-compute-25-1,,561.0,89.0,552.0,552.0,87.0,True,False
2026-09-24T10:47:19.911448+00:00,1099,evidence-show-compute-25-1,,561.0,89.0,552.0,552.0,88.0,True,False
2026-09-24T10:47:22.678964+00:00,1100,evidence-show-compute-25-1,,561.0,86.0,552.0,552.0,87.0,True,False
2026-09-24T10:47:25.395971+00:00,1101,evidence-show-compute-25-1,,561.0,86.0,552.0,552.0,87.0,True,False
2026-09-24T10:47:28.129101+00:00,1102,evidence-show-compute-25-1,,561.0,86.0,552.0,552.0,87.0,True,False
2026-09-24T10:47:30.915781+00:00,1103,evidence-show-compute-25-1,,561.0,86.0,552.0,552.0,89.0,True,False
2026-09-24T10:47:33.682221+00:00,1104,evidence-show-compute-25-1,,561.0,86.0,552.0,552.0,88.0,True,False
2026-09-24T10:47:36.444834+00:00,1105,evidence-show-compute-25-1,,561.0,89.0,552.0,552.0,87.0,True,False
2026-09-24T10:47:39.212229+00:00,1106,evidence-show-compute-25-1,,561.0,87.0,552.0,552.0,87.0,True,False
2026-09-24T10:47:41.970787+00:00,1107,evidence-show-compute-25-1,,561.0,90.0,552.0,552.0,87.0,True,False
2026-09-24T10:47:44.725717+00:00,1108,evidence-show-compute-25-1,,561.0,86.0,552.0,552.0,87.0,True,False
2026-09-24T10:47:47.521455+00:00,1109,evidence-show-compute-25-1,,561.0,88.0,552.0,552.0,87.0,True,False
2026-09-24T10:47:50.315945+00:00,1110,evidence-show-compute-25-1,,561.0,85.0,552.0,552.0,86.0,True,False
2026-09-24T10:47:53.071931+00:00,1111,evidence-show-compute-25-1,,561.0,89.0,552.0,552.0,87.0,True,False
2026-09-24T10:47:55.789730+00:00,1112,evidence-show-compute-25-1,,561.0,88.0,552.0,552.0,86.0,True,False
2026-09-24T10:47:58.596213+00:00,1113,evidence-show-compute-25-1,,561.0,89.0,552.0,552.0,87.0,True,False
2026-09-24T10:48:01.366518+00:00,1114,evidence-show-compute-25-1,,561.0,89.0,552.0,552.0,87.0,True,False
2026-09-24T10:48:04.154652+00:00,1115,evidence-show-compute-25-1,,561.0,90.0,552.0,552.0,88.0,True,False
2026-09-24T10:48:06.927225+00:00,1116,evidence-show-compute-25-1,,561.0,91.0,552.0,552.0,87.0,True,False
2026-09-24T10:48:09.701196+00:00,1117,evidence-show-compute-25-1,,561.0,86.0,552.0,552.0,88.0,True,False
2026-09-24T10:48:12.417541+00:00,1118,evidence-show-compute-25-1,,561.0,89.0,552.0,552.0,87.0,True,False
2026-09-24T10:48:15.222100+00:00,1119,evidence-show-compute-25-1,,561.0,86.0,552.0,552.0,87.0,True,False
2026-09-24T10:48:17.973320+00:00,1120,evidence-show-compute-25-1,,0.0,0.0,,0.0,0.0,False,False
2026-09-24T10:48:20.725563+00:00,1121,evidence-show-compute-25-1,,0.0,0.0,,0.0,0.0,False,False
2026-09-24T10:48:23.495042+00:00,1122,evidence-show-compute-25-1,,0.0,0.0,,0.0,0.0,False,False
2026-09-24T10:48:26.228850+00:00,1123,evidence-show-compute-25-1,,0.0,0.0,,0.0,0.0,False,False
2026-09-24T10:50:28.191852+00:00,1167,evidence-show-compute-25-2,,561.0,87.0,552.0,552.0,87.0,False,False
2026-09-24T10:50:31.077308+00:00,1168,evidence-show-compute-25-2,,561.0,86.0,552.0,552.0,87.0,True,False
2026-09-24T10:50:33.801751+00:00,1169,evidence-show-compute-25-2,,561.0,88.0,552.0,552.0,87.0,True,False
2026-09-24T10:50:36.540391+00:00,1170,evidence-show-compute-25-2,,561.0,90.0,552.0,552.0,87.0,True,False
2026-09-24T10:50:39.351631+00:00,1171,evidence-show-compute-25-2,,561.0,86.0,552.0,552.0,87.0,True,False
2026-09-24T10:50:42.127900+00:00,1172,evidence-show-compute-25-2,,561.0,87.0,552.0,552.0,87.0,True,False
2026-09-24T10:50:44.950328+00:00,1173,evidence-show-compute-25-2,,561.0,90.0,552.0,552.0,87.0,True,False
2026-09-24T10:50:47.757094+00:00,1174,evidence-show-compute-25-2,,561.0,88.0,552.0,552.0,89.0,True,False
2026-09-24T10:50:50.443767+00:00,1175,evidence-show-compute-25-2,,561.0,89.0,552.0,552.0,89.0,True,False
2026-09-24T10:50:53.111885+00:00,1176,evidence-show-compute-25-2,,561.0,89.0,552.0,552.0,88.0,True,False
2026-09-24T10:50:55.791161+00:00,1177,evidence-show-compute-25-2,,561.0,88.0,552.0,552.0,87.0,True,False
2026-09-24T10:50:58.579850+00:00,1178,evidence-show-compute-25-2,,561.0,88.0,552.0,552.0,87.0,True,False
2026-09-24T10:51:01.281719+00:00,1179,evidence-show-compute-25-2,,561.0,86.0,552.0,552.0,87.0,True,False
2026-09-24T10:51:04.046614+00:00,1180,evidence-show-compute-25-2,,561.0,88.0,552.0,552.0,88.0,True,False
2026-09-24T10:51:06.723491+00:00,1181,evidence-show-compute-25-2,,561.0,88.0,552.0,552.0,88.0,True,False
2026-09-24T10:51:09.496624+00:00,1182,evidence-show-compute-25-2,,561.0,89.0,552.0,552.0,88.0,True,False
2026-09-24T10:51:12.260517+00:00,1183,evidence-show-compute-25-2,,561.0,88.0,552.0,552.0,87.0,True,False
2026-09-24T10:51:15.068017+00:00,1184,evidence-show-compute-25-2,,561.0,90.0,552.0,552.0,88.0,True,False
2026-09-24T10:51:17.775015+00:00,1185,evidence-show-compute-25-2,,561.0,89.0,552.0,552.0,88.0,True,False
2026-09-24T10:51:20.489010+00:00,1186,evidence-show-compute-25-2,,561.0,87.0,552.0,552.0,88.0,True,False
2026-09-24T10:51:23.215814+00:00,1187,evidence-show-compute-25-2,,561.0,88.0,552.0,552.0,88.0,True,False
2026-09-24T10:51:25.914496+00:00,1188,evidence-show-compute-25-2,,561.0,87.0,552.0,552.0,88.0,True,False
2026-09-24T10:51:28.615722+00:00,1189,evidence-show-compute-25-2,,561.0,86.0,552.0,552.0,88.0,True,False
2026-09-24T10:51:31.290109+00:00,1190,evidence-show-compute-25-2,,0.0,0.0,,0.0,0.0,False,False
2026-09-24T10:51:33.948740+00:00,1191,evidence-show-compute-25-2,,0.0,0.0,,0.0,0.0,False,False
2026-09-24T10:51:36.770408+00:00,1192,evidence-show-compute-25-2,,0.0,0.0,,0.0,0.0,False,False
2026-09-24T10:51:39.577308+00:00,1193,evidence-show-compute-25-2,,0.0,0.0,,0.0,0.0,False,False
2026-09-24T10:51:42.353056+00:00,1194,evidence-show-compute-25-2,,0.0,0.0,,0.0,0.0,False,False
2026-09-24T10:51:45.119599+00:00,1195,evidence-show-compute-25-2,,0.0,0.0,,,,False,False
2026-09-24T10:53:50.054816+00:00,1240,evidence-show-compute-50-2,,561.0,91.0,552.0,552.0,88.0,True,False
2026-09-24T10:53:52.767579+00:00,1241,evidence-show-compute-50-2,,561.0,85.0,552.0,552.0,87.0,True,False
2026-09-24T10:53:55.489269+00:00,1242,evidence-show-compute-50-2,,561.0,90.0,552.0,552.0,88.0,True,False
2026-09-24T10:53:58.258958+00:00,1243,evidence-show-compute-50-2,,561.0,87.0,552.0,552.0,88.0,True,False
2026-09-24T10:54:00.947993+00:00,1244,evidence-show-compute-50-2,,561.0,87.0,552.0,552.0,87.0,True,False
2026-09-24T10:54:03.696738+00:00,1245,evidence-show-compute-50-2,,561.0,88.0,552.0,552.0,88.0,True,False
2026-09-24T10:54:06.382590+00:00,1246,evidence-show-compute-50-2,,561.0,91.0,552.0,552.0,87.0,True,False
2026-09-24T10:54:09.099210+00:00,1247,evidence-show-compute-50-2,,561.0,90.0,552.0,552.0,87.0,True,False
2026-09-24T10:54:11.815416+00:00,1248,evidence-show-compute-50-2,,561.0,89.0,552.0,552.0,88.0,True,False
2026-09-24T10:54:14.487104+00:00,1249,evidence-show-compute-50-2,,561.0,90.0,552.0,552.0,89.0,True,False
2026-09-24T10:54:17.157551+00:00,1250,evidence-show-compute-50-2,,561.0,89.0,552.0,552.0,88.0,True,False
2026-09-24T10:54:19.828456+00:00,1251,evidence-show-compute-50-2,,561.0,90.0,552.0,552.0,88.0,True,False
2026-09-24T10:54:22.462092+00:00,1252,evidence-show-compute-50-2,,561.0,88.0,552.0,552.0,87.0,True,False
2026-09-24T10:54:25.209280+00:00,1253,evidence-show-compute-50-2,,561.0,88.0,552.0,552.0,88.0,True,False
2026-09-24T10:54:27.884754+00:00,1254,evidence-show-compute-50-2,,561.0,87.0,552.0,552.0,88.0,True,False
2026-09-24T10:54:30.581487+00:00,1255,evidence-show-compute-50-2,,561.0,89.0,552.0,552.0,88.0,True,False
2026-09-24T10:54:33.268041+00:00,1256,evidence-show-compute-50-2,,561.0,87.0,552.0,552.0,87.0,True,False
2026-09-24T10:54:36.069706+00:00,1257,evidence-show-compute-50-2,,561.0,86.0,552.0,552.0,89.0,True,False
2026-09-24T10:54:38.743574+00:00,1258,evidence-show-compute-50-2,,561.0,88.0,552.0,552.0,89.0,True,False
2026-09-24T10:54:41.546860+00:00,1259,evidence-show-compute-50-2,,561.0,89.0,552.0,552.0,89.0,True,False
2026-09-24T10:54:44.236186+00:00,1260,evidence-show-compute-50-2,,561.0,90.0,552.0,552.0,87.0,True,False
2026-09-24T10:54:46.879145+00:00,1261,evidence-show-compute-50-2,,561.0,90.0,552.0,552.0,88.0,True,False
2026-09-24T10:54:49.572822+00:00,1262,evidence-show-compute-50-2,,0.0,0.0,,0.0,0.0,False,False
2026-09-24T10:54:52.274526+00:00,1263,evidence-show-compute-50-2,,0.0,0.0,,0.0,0.0,False,False
2026-09-24T10:56:59.829724+00:00,1309,evidence-show-compute-100-2,,561.0,86.0,552.0,552.0,87.0,False,False
2026-09-24T10:57:02.640829+00:00,1310,evidence-show-compute-100-2,,561.0,89.0,552.0,552.0,89.0,True,False
2026-09-24T10:57:05.438627+00:00,1311,evidence-show-compute-100-2,,561.0,87.0,552.0,552.0,88.0,True,False
2026-09-24T10:57:08.225376+00:00,1312,evidence-show-compute-100-2,,561.0,86.0,552.0,552.0,87.0,True,False
2026-09-24T10:57:11.016943+00:00,1313,evidence-show-compute-100-2,,561.0,85.0,552.0,552.0,88.0,True,False
2026-09-24T10:57:13.794196+00:00,1314,evidence-show-compute-100-2,,561.0,88.0,552.0,552.0,86.0,True,False
2026-09-24T10:57:16.628970+00:00,1315,evidence-show-compute-100-2,,561.0,88.0,552.0,552.0,86.0,True,False
2026-09-24T10:57:19.442314+00:00,1316,evidence-show-compute-100-2,,561.0,89.0,552.0,552.0,88.0,True,False
2026-09-24T10:57:22.230061+00:00,1317,evidence-show-compute-100-2,,561.0,87.0,552.0,552.0,87.0,True,False
2026-09-24T10:57:25.024593+00:00,1318,evidence-show-compute-100-2,,561.0,89.0,552.0,552.0,87.0,True,False
2026-09-24T10:57:27.806446+00:00,1319,evidence-show-compute-100-2,,561.0,88.0,552.0,552.0,87.0,True,False
2026-09-24T10:57:30.575605+00:00,1320,evidence-show-compute-100-2,,561.0,88.0,552.0,552.0,87.0,True,False
2026-09-24T10:57:33.356668+00:00,1321,evidence-show-compute-100-2,,561.0,89.0,552.0,552.0,88.0,True,False
2026-09-24T10:57:36.141056+00:00,1322,evidence-show-compute-100-2,,561.0,89.0,552.0,552.0,87.0,True,False
2026-09-24T10:57:38.953299+00:00,1323,evidence-show-compute-100-2,,561.0,90.0,552.0,552.0,87.0,True,False
2026-09-24T10:57:41.722090+00:00,1324,evidence-show-compute-100-2,,561.0,86.0,552.0,552.0,88.0,True,False
2026-09-24T10:57:44.524733+00:00,1325,evidence-show-compute-100-2,,561.0,87.0,552.0,552.0,87.0,True,False
2026-09-24T10:57:47.240763+00:00,1326,evidence-show-compute-100-2,,561.0,89.0,552.0,552.0,87.0,True,False
2026-09-24T10:57:50.021554+00:00,1327,evidence-show-compute-100-2,,561.0,89.0,552.0,552.0,88.0,True,False
2026-09-24T10:57:52.745051+00:00,1328,evidence-show-compute-100-2,,561.0,88.0,552.0,552.0,87.0,True,False
2026-09-24T10:57:55.453294+00:00,1329,evidence-show-compute-100-2,,561.0,86.0,552.0,552.0,87.0,True,False
2026-09-24T10:57:58.254309+00:00,1330,evidence-show-compute-100-2,,561.0,89.0,552.0,552.0,87.0,True,False
2026-09-24T10:58:01.070136+00:00,1331,evidence-show-compute-100-2,,561.0,89.0,552.0,552.0,88.0,True,False
2026-09-24T10:58:03.856653+00:00,1332,evidence-show-compute-100-2,,0.0,0.0,,0.0,0.0,False,False
2026-09-24T10:58:06.599743+00:00,1333,evidence-show-compute-100-2,,0.0,0.0,,,,False,False
2026-09-24T11:00:16.600070+00:00,1380,evidence-show-compute-100-3,,561.0,88.0,552.0,552.0,87.0,True,False
2026-09-24T11:00:19.396631+00:00,1381,evidence-show-compute-100-3,,561.0,87.0,552.0,552.0,87.0,True,False
2026-09-24T11:00:22.180240+00:00,1382,evidence-show-compute-100-3,,561.0,85.0,552.0,552.0,87.0,True,False
2026-09-24T11:00:24.956745+00:00,1383,evidence-show-compute-100-3,,561.0,89.0,552.0,552.0,88.0,True,False
2026-09-24T11:00:27.719372+00:00,1384,evidence-show-compute-100-3,,561.0,87.0,552.0,552.0,88.0,True,False
2026-09-24T11:00:30.522469+00:00,1385,evidence-show-compute-100-3,,561.0,89.0,552.0,552.0,87.0,True,False
2026-09-24T11:00:33.323373+00:00,1386,evidence-show-compute-100-3,,561.0,90.0,552.0,552.0,87.0,True,False
2026-09-24T11:00:36.111932+00:00,1387,evidence-show-compute-100-3,,561.0,86.0,552.0,552.0,87.0,True,False
2026-09-24T11:00:38.905255+00:00,1388,evidence-show-compute-100-3,,561.0,89.0,552.0,552.0,88.0,True,False
2026-09-24T11:00:41.695475+00:00,1389,evidence-show-compute-100-3,,561.0,88.0,552.0,552.0,87.0,True,False
2026-09-24T11:00:44.468643+00:00,1390,evidence-show-compute-100-3,,561.0,88.0,552.0,552.0,87.0,True,False
2026-09-24T11:00:47.248023+00:00,1391,evidence-show-compute-100-3,,561.0,89.0,552.0,552.0,87.0,True,False
2026-09-24T11:00:50.033201+00:00,1392,evidence-show-compute-100-3,,561.0,86.0,552.0,552.0,87.0,True,False
2026-09-24T11:00:52.791911+00:00,1393,evidence-show-compute-100-3,,561.0,89.0,552.0,552.0,87.0,True,False
2026-09-24T11:00:55.552479+00:00,1394,evidence-show-compute-100-3,,561.0,89.0,552.0,552.0,85.0,True,False
2026-09-24T11:00:58.279498+00:00,1395,evidence-show-compute-100-3,,561.0,88.0,552.0,552.0,88.0,True,False
2026-09-24T11:01:01.090244+00:00,1396,evidence-show-compute-100-3,,561.0,88.0,552.0,552.0,88.0,True,False
2026-09-24T11:01:03.871041+00:00,1397,evidence-show-compute-100-3,,561.0,88.0,552.0,552.0,87.0,True,False
2026-09-24T11:01:06.680950+00:00,1398,evidence-show-compute-100-3,,561.0,85.0,552.0,552.0,87.0,True,False
2026-09-24T11:01:09.426143+00:00,1399,evidence-show-compute-100-3,,561.0,88.0,552.0,552.0,88.0,True,False
2026-09-24T11:01:12.186427+00:00,1400,evidence-show-compute-100-3,,561.0,87.0,552.0,552.0,87.0,True,False
2026-09-24T11:01:14.954379+00:00,1401,evidence-show-compute-100-3,,561.0,89.0,552.0,552.0,87.0,True,False
2026-09-24T11:01:17.795469+00:00,1402,evidence-show-compute-100-3,,0.0,0.0,,0.0,0.0,False,False
2026-09-24T11:01:20.569216+00:00,1403,evidence-show-compute-100-3,,0.0,0.0,,0.0,0.0,False,False
2026-09-24T11:01:23.374612+00:00,1404,evidence-show-compute-100-3,,0.0,0.0,,0.0,0.0,False,False
2026-09-24T11:01:26.143660+00:00,1405,evidence-show-compute-100-3,,0.0,0.0,,,,False,False
2026-09-24T11:03:39.427010+00:00,1453,evidence-show-compute-50-3,,561.0,83.0,552.0,552.0,87.0,False,False
2026-09-24T11:03:42.214627+00:00,1454,evidence-show-compute-50-3,,561.0,86.0,552.0,552.0,86.0,True,False
2026-09-24T11:03:45.041242+00:00,1455,evidence-show-compute-50-3,,561.0,88.0,552.0,552.0,87.0,True,False
2026-09-24T11:03:47.814081+00:00,1456,evidence-show-compute-50-3,,561.0,85.0,552.0,552.0,88.0,True,False
2026-09-24T11:03:50.608371+00:00,1457,evidence-show-compute-50-3,,561.0,89.0,552.0,552.0,88.0,True,False
2026-09-24T11:03:53.397957+00:00,1458,evidence-show-compute-50-3,,561.0,89.0,552.0,552.0,87.0,True,False
2026-09-24T11:03:56.212060+00:00,1459,evidence-show-compute-50-3,,561.0,85.0,552.0,552.0,87.0,True,False
2026-09-24T11:03:59.002133+00:00,1460,evidence-show-compute-50-3,,561.0,85.0,552.0,552.0,87.0,True,False
2026-09-24T11:04:01.765152+00:00,1461,evidence-show-compute-50-3,,561.0,89.0,552.0,552.0,87.0,True,False
2026-09-24T11:04:04.552316+00:00,1462,evidence-show-compute-50-3,,561.0,85.0,552.0,552.0,88.0,True,False
2026-09-24T11:04:07.404752+00:00,1463,evidence-show-compute-50-3,,561.0,89.0,552.0,552.0,89.0,True,False
2026-09-24T11:04:10.206250+00:00,1464,evidence-show-compute-50-3,,561.0,88.0,552.0,552.0,88.0,True,False
2026-09-24T11:04:13.001999+00:00,1465,evidence-show-compute-50-3,,561.0,88.0,552.0,552.0,89.0,True,False
2026-09-24T11:04:15.830327+00:00,1466,evidence-show-compute-50-3,,561.0,89.0,552.0,552.0,87.0,True,False
2026-09-24T11:04:18.600805+00:00,1467,evidence-show-compute-50-3,,561.0,89.0,552.0,552.0,88.0,True,False
2026-09-24T11:04:21.360814+00:00,1468,evidence-show-compute-50-3,,561.0,90.0,552.0,552.0,87.0,True,False
2026-09-24T11:04:24.185010+00:00,1469,evidence-show-compute-50-3,,561.0,87.0,552.0,552.0,89.0,True,False
2026-09-24T11:04:26.971728+00:00,1470,evidence-show-compute-50-3,,561.0,86.0,552.0,552.0,87.0,True,False
2026-09-24T11:04:29.775988+00:00,1471,evidence-show-compute-50-3,,561.0,84.0,552.0,552.0,87.0,True,False
2026-09-24T11:04:32.574631+00:00,1472,evidence-show-compute-50-3,,561.0,87.0,552.0,552.0,87.0,True,False
2026-09-24T11:04:35.367563+00:00,1473,evidence-show-compute-50-3,,561.0,87.0,552.0,552.0,88.0,True,False
2026-09-24T11:04:38.118173+00:00,1474,evidence-show-compute-50-3,,561.0,85.0,552.0,552.0,87.0,True,False
2026-09-24T11:04:40.886750+00:00,1475,evidence-show-compute-50-3,,0.0,1.0,,0.0,0.0,False,False
2026-09-24T11:04:43.721605+00:00,1476,evidence-show-compute-50-3,,0.0,0.0,,0.0,0.0,False,False
2026-09-24T11:04:46.514262+00:00,1477,evidence-show-compute-50-3,,0.0,0.0,,0.0,0.0,False,False
2026-09-24T11:04:49.211379+00:00,1478,evidence-show-compute-50-3,,0.0,0.0,,0.0,0.0,False,False
2026-09-24T11:07:05.926306+00:00,1527,evidence-show-compute-25-3,,561.0,88.0,552.0,552.0,88.0,True,False
2026-09-24T11:07:08.735651+00:00,1528,evidence-show-compute-25-3,,561.0,88.0,552.0,552.0,87.0,True,False
2026-09-24T11:07:11.559323+00:00,1529,evidence-show-compute-25-3,,561.0,89.0,552.0,552.0,88.0,True,False
2026-09-24T11:07:14.334925+00:00,1530,evidence-show-compute-25-3,,561.0,85.0,552.0,552.0,88.0,True,False
2026-09-24T11:07:17.133411+00:00,1531,evidence-show-compute-25-3,,561.0,86.0,552.0,552.0,87.0,True,False
2026-09-24T11:07:19.909436+00:00,1532,evidence-show-compute-25-3,,561.0,89.0,552.0,552.0,87.0,True,False
2026-09-24T11:07:22.694041+00:00,1533,evidence-show-compute-25-3,,561.0,88.0,552.0,552.0,87.0,True,False
2026-09-24T11:07:25.467788+00:00,1534,evidence-show-compute-25-3,,561.0,88.0,552.0,552.0,87.0,True,False
2026-09-24T11:07:28.290939+00:00,1535,evidence-show-compute-25-3,,561.0,88.0,552.0,552.0,87.0,True,False
2026-09-24T11:07:31.034330+00:00,1536,evidence-show-compute-25-3,,561.0,85.0,552.0,552.0,87.0,True,False
2026-09-24T11:07:33.813305+00:00,1537,evidence-show-compute-25-3,,561.0,86.0,552.0,552.0,87.0,True,False
2026-09-24T11:07:36.605796+00:00,1538,evidence-show-compute-25-3,,561.0,88.0,552.0,552.0,87.0,True,False
2026-09-24T11:07:39.361265+00:00,1539,evidence-show-compute-25-3,,561.0,87.0,552.0,552.0,87.0,True,False
2026-09-24T11:07:42.147511+00:00,1540,evidence-show-compute-25-3,,561.0,85.0,552.0,552.0,88.0,True,False
2026-09-24T11:07:44.908194+00:00,1541,evidence-show-compute-25-3,,561.0,86.0,552.0,552.0,87.0,True,False
2026-09-24T11:07:47.665457+00:00,1542,evidence-show-compute-25-3,,561.0,88.0,552.0,552.0,87.0,True,False
2026-09-24T11:07:50.481466+00:00,1543,evidence-show-compute-25-3,,561.0,87.0,552.0,552.0,87.0,True,False
2026-09-24T11:07:53.339006+00:00,1544,evidence-show-compute-25-3,,561.0,89.0,552.0,552.0,88.0,True,False
2026-09-24T11:07:56.076662+00:00,1545,evidence-show-compute-25-3,,561.0,86.0,552.0,552.0,87.0,True,False
2026-09-24T11:07:58.885336+00:00,1546,evidence-show-compute-25-3,,561.0,87.0,552.0,552.0,87.0,True,False
2026-09-24T11:08:01.668092+00:00,1547,evidence-show-compute-25-3,,561.0,90.0,552.0,552.0,88.0,True,False
2026-09-24T11:08:04.466275+00:00,1548,evidence-show-compute-25-3,,561.0,87.0,550.0,0.0,0.0,False,False
2026-09-24T11:08:07.219340+00:00,1549,evidence-show-compute-25-3,,0.0,0.0,,0.0,0.0,False,False
2026-09-24T11:08:09.958458+00:00,1550,evidence-show-compute-25-3,,0.0,0.0,,0.0,0.0,False,False
2026-09-24T11:08:12.725255+00:00,1551,evidence-show-compute-25-3,,0.0,0.0,,0.0,0.0,False,False
2026-09-24T11:08:15.547095+00:00,1552,evidence-show-compute-25-3,,0.0,0.0,,0.0,0.0,False,False
2026-09-24T11:08:18.339318+00:00,1553,evidence-show-compute-25-3,,0.0,0.0,,0.0,0.0,False,False
2026-09-24T11:08:21.154822+00:00,1554,evidence-show-compute-25-3,,0.0,0.0,,,,False,False
